category,number,perc,labels
combined call,8,0.004920049200492005,0.5%
pulsed call,354,0.2177121771217712,21.8%
whistle,1264,0.7773677736777368,77.7%
