category,number,perc,labels
combined call,15,0.009185548071034905,1%
pulsed call,354,0.21677893447642377,22%
whistle,1264,0.7740355174525413,77%
